./images/dataset/study.764.png,8
./images/dataset/study.139.png,2
./images/dataset/study.523.png,6
./images/dataset/study.191.png,2
./images/dataset/study.972.png,10
./images/dataset/study.561.png,6
./images/dataset/study.63.png,1
./images/dataset/study.911.png,10
./images/dataset/study.995.png,10
./images/dataset/study.990.png,10
./images/dataset/study.611.png,7
./images/dataset/study.921.png,10
./images/dataset/study.83.png,1
./images/dataset/study.420.png,5
./images/dataset/study.219.png,3
./images/dataset/study.962.png,10
./images/dataset/study.688.png,7
./images/dataset/study.448.png,5
./images/dataset/study.52.png,1
./images/dataset/study.81.png,1
./images/dataset/study.747.png,8
./images/dataset/study.622.png,7
./images/dataset/study.923.png,10
./images/dataset/study.850.png,9
./images/dataset/study.21.png,1
./images/dataset/study.695.png,7
./images/dataset/study.640.png,7
./images/dataset/study.563.png,6
./images/dataset/study.894.png,9
./images/dataset/study.339.png,4
./images/dataset/study.427.png,5
./images/dataset/study.781.png,8
./images/dataset/study.536.png,6
./images/dataset/study.557.png,6
./images/dataset/study.268.png,3
./images/dataset/study.291.png,3
./images/dataset/study.236.png,3
./images/dataset/study.367.png,4
./images/dataset/study.206.png,3
./images/dataset/study.443.png,5
./images/dataset/study.787.png,8
./images/dataset/study.193.png,2
./images/dataset/study.774.png,8
./images/dataset/study.325.png,4
./images/dataset/study.745.png,8
./images/dataset/study.303.png,4
./images/dataset/study.529.png,6
./images/dataset/study.957.png,10
./images/dataset/study.381.png,4
./images/dataset/study.426.png,5
./images/dataset/study.736.png,8
./images/dataset/study.831.png,9
./images/dataset/study.617.png,7
./images/dataset/study.595.png,6
./images/dataset/study.974.png,10
./images/dataset/study.805.png,9
./images/dataset/study.703.png,8
./images/dataset/study.706.png,8
./images/dataset/study.505.png,6
./images/dataset/study.851.png,9
./images/dataset/study.597.png,6
./images/dataset/study.816.png,9
./images/dataset/study.547.png,6
./images/dataset/study.344.png,4
./images/dataset/study.258.png,3
./images/dataset/study.49.png,1
./images/dataset/study.943.png,10
./images/dataset/study.375.png,4
./images/dataset/study.630.png,7
./images/dataset/study.67.png,1
./images/dataset/study.250.png,3
./images/dataset/study.221.png,3
./images/dataset/study.860.png,9
./images/dataset/study.907.png,10
./images/dataset/study.722.png,8
./images/dataset/study.596.png,6
./images/dataset/study.515.png,6
./images/dataset/study.704.png,8
./images/dataset/study.502.png,6
./images/dataset/study.572.png,6
./images/dataset/study.188.png,2
./images/dataset/study.372.png,4
./images/dataset/study.462.png,5
./images/dataset/study.165.png,2
./images/dataset/study.405.png,5
./images/dataset/study.359.png,4
./images/dataset/study.127.png,2
./images/dataset/study.879.png,9
./images/dataset/study.646.png,7
./images/dataset/study.500.png,6
./images/dataset/study.941.png,10
./images/dataset/study.300.png,3
./images/dataset/study.376.png,4
./images/dataset/study.867.png,9
./images/dataset/study.777.png,8
./images/dataset/study.187.png,2
./images/dataset/study.514.png,6
./images/dataset/study.891.png,9
./images/dataset/study.290.png,3
./images/dataset/study.522.png,6
./images/dataset/study.661.png,7
./images/dataset/study.865.png,9
./images/dataset/study.374.png,4
./images/dataset/study.510.png,6
./images/dataset/study.984.png,10
./images/dataset/study.343.png,4
./images/dataset/study.237.png,3
./images/dataset/study.322.png,4
./images/dataset/study.712.png,8
./images/dataset/study.224.png,3
./images/dataset/study.889.png,9
./images/dataset/study.853.png,9
./images/dataset/study.659.png,7
./images/dataset/study.954.png,10
./images/dataset/study.533.png,6
./images/dataset/study.393.png,4
./images/dataset/study.677.png,7
./images/dataset/study.369.png,4
./images/dataset/study.235.png,3
./images/dataset/study.992.png,10
./images/dataset/study.283.png,3
./images/dataset/study.89.png,1
./images/dataset/study.308.png,4
./images/dataset/study.709.png,8
./images/dataset/study.560.png,6
./images/dataset/study.578.png,6
./images/dataset/study.686.png,7
./images/dataset/study.725.png,8
./images/dataset/study.969.png,10
./images/dataset/study.732.png,8
./images/dataset/study.702.png,8
./images/dataset/study.430.png,5
./images/dataset/study.973.png,10
./images/dataset/study.78.png,1
./images/dataset/study.362.png,4
./images/dataset/study.999.png,10
./images/dataset/study.949.png,10
./images/dataset/study.806.png,9
./images/dataset/study.798.png,8
./images/dataset/study.345.png,4
./images/dataset/study.859.png,9
./images/dataset/study.294.png,3
./images/dataset/study.558.png,6
./images/dataset/study.297.png,3
./images/dataset/study.33.png,1
./images/dataset/study.450.png,5
./images/dataset/study.88.png,1
./images/dataset/study.352.png,4
./images/dataset/study.813.png,9
./images/dataset/study.181.png,2
./images/dataset/study.629.png,7
./images/dataset/study.239.png,3
./images/dataset/study.296.png,3
./images/dataset/study.358.png,4
./images/dataset/study.99.png,1
./images/dataset/study.719.png,8
./images/dataset/study.631.png,7
./images/dataset/study.76.png,1
./images/dataset/study.801.png,9
./images/dataset/study.399.png,4
./images/dataset/study.858.png,9
./images/dataset/study.29.png,1
./images/dataset/study.624.png,7
./images/dataset/study.151.png,2
./images/dataset/study.335.png,4
./images/dataset/study.965.png,10
./images/dataset/study.51.png,1
./images/dataset/study.711.png,8
./images/dataset/study.803.png,9
./images/dataset/study.340.png,4
./images/dataset/study.305.png,4
./images/dataset/study.669.png,7
./images/dataset/study.535.png,6
./images/dataset/study.211.png,3
./images/dataset/study.550.png,6
./images/dataset/study.433.png,5
./images/dataset/study.455.png,5
./images/dataset/study.279.png,3
./images/dataset/study.651.png,7
./images/dataset/study.213.png,3
./images/dataset/study.817.png,9
./images/dataset/study.868.png,9
./images/dataset/study.281.png,3
./images/dataset/study.259.png,3
./images/dataset/study.157.png,2
./images/dataset/study.470.png,5
./images/dataset/study.782.png,8
./images/dataset/study.971.png,10
./images/dataset/study.194.png,2
./images/dataset/study.997.png,10
./images/dataset/study.512.png,6
./images/dataset/study.92.png,1
./images/dataset/study.544.png,6
./images/dataset/study.174.png,2
./images/dataset/study.56.png,1
./images/dataset/study.872.png,9
./images/dataset/study.977.png,10
./images/dataset/study.610.png,7
./images/dataset/study.615.png,7
./images/dataset/study.670.png,7
./images/dataset/study.821.png,9
./images/dataset/study.84.png,1
./images/dataset/study.464.png,5
./images/dataset/study.15.png,1
./images/dataset/study.770.png,8
./images/dataset/study.559.png,6
./images/dataset/study.231.png,3
./images/dataset/study.209.png,3
./images/dataset/study.835.png,9
./images/dataset/study.289.png,3
./images/dataset/study.603.png,7
./images/dataset/study.587.png,6
./images/dataset/study.525.png,6
./images/dataset/study.58.png,1
./images/dataset/study.402.png,5
./images/dataset/study.208.png,3
./images/dataset/study.753.png,8
./images/dataset/study.847.png,9
./images/dataset/study.488.png,5
./images/dataset/study.371.png,4
./images/dataset/study.961.png,10
./images/dataset/study.119.png,2
./images/dataset/study.70.png,1
./images/dataset/study.117.png,2
./images/dataset/study.765.png,8
./images/dataset/study.893.png,9
./images/dataset/study.459.png,5
./images/dataset/study.473.png,5
./images/dataset/study.975.png,10
./images/dataset/study.788.png,8
./images/dataset/study.481.png,5
./images/dataset/study.625.png,7
./images/dataset/study.672.png,7
./images/dataset/study.588.png,6
./images/dataset/study.431.png,5
./images/dataset/study.166.png,2
./images/dataset/study.458.png,5
./images/dataset/study.365.png,4
./images/dataset/study.131.png,2
./images/dataset/study.495.png,5
./images/dataset/study.110.png,2
./images/dataset/study.796.png,8
./images/dataset/study.43.png,1
./images/dataset/study.574.png,6
./images/dataset/study.264.png,3
./images/dataset/study.295.png,3
./images/dataset/study.818.png,9
./images/dataset/study.122.png,2
./images/dataset/study.130.png,2
./images/dataset/study.229.png,3
./images/dataset/study.149.png,2
./images/dataset/study.233.png,3
./images/dataset/study.656.png,7
./images/dataset/study.357.png,4
./images/dataset/study.749.png,8
./images/dataset/study.337.png,4
./images/dataset/study.132.png,2
./images/dataset/study.524.png,6
./images/dataset/study.242.png,3
./images/dataset/study.504.png,6
./images/dataset/study.665.png,7
./images/dataset/study.604.png,7
./images/dataset/study.184.png,2
./images/dataset/study.483.png,5
./images/dataset/study.241.png,3
./images/dataset/study.991.png,10
./images/dataset/study.729.png,8
./images/dataset/study.607.png,7
./images/dataset/study.698.png,7
./images/dataset/study.685.png,7
./images/dataset/study.243.png,3
./images/dataset/study.163.png,2
./images/dataset/study.914.png,10
./images/dataset/study.385.png,4
./images/dataset/study.857.png,9
./images/dataset/study.452.png,5
./images/dataset/study.318.png,4
./images/dataset/study.827.png,9
./images/dataset/study.493.png,5
./images/dataset/study.613.png,7
./images/dataset/study.654.png,7
./images/dataset/study.964.png,10
./images/dataset/study.214.png,3
./images/dataset/study.673.png,7
./images/dataset/study.387.png,4
./images/dataset/study.368.png,4
./images/dataset/study.836.png,9
./images/dataset/study.699.png,7
./images/dataset/study.538.png,6
./images/dataset/study.696.png,7
./images/dataset/study.793.png,8
./images/dataset/study.342.png,4
./images/dataset/study.79.png,1
./images/dataset/study.534.png,6
./images/dataset/study.62.png,1
./images/dataset/study.256.png,3
./images/dataset/study.521.png,6
./images/dataset/study.17.png,1
./images/dataset/study.68.png,1
./images/dataset/study.461.png,5
./images/dataset/study.104.png,2
./images/dataset/study.46.png,1
./images/dataset/study.641.png,7
./images/dataset/study.215.png,3
./images/dataset/study.919.png,10
./images/dataset/study.767.png,8
./images/dataset/study.30.png,1
./images/dataset/study.80.png,1
./images/dataset/study.205.png,3
./images/dataset/study.195.png,2
./images/dataset/study.643.png,7
./images/dataset/study.871.png,9
./images/dataset/study.11.png,1
./images/dataset/study.944.png,10
./images/dataset/study.164.png,2
./images/dataset/study.176.png,2
./images/dataset/study.662.png,7
./images/dataset/study.586.png,6
./images/dataset/study.763.png,8
./images/dataset/study.449.png,5
./images/dataset/study.407.png,5
./images/dataset/study.234.png,3
./images/dataset/study.924.png,10
./images/dataset/study.730.png,8
./images/dataset/study.542.png,6
./images/dataset/study.269.png,3
./images/dataset/study.423.png,5
./images/dataset/study.675.png,7
./images/dataset/study.925.png,10
./images/dataset/study.14.png,1
./images/dataset/study.936.png,10
./images/dataset/study.841.png,9
./images/dataset/study.225.png,3
./images/dataset/study.645.png,7
./images/dataset/study.602.png,7
./images/dataset/study.254.png,3
./images/dataset/study.585.png,6
./images/dataset/study.474.png,5
./images/dataset/study.332.png,4
./images/dataset/study.779.png,8
./images/dataset/study.280.png,3
./images/dataset/study.553.png,6
./images/dataset/study.248.png,3
./images/dataset/study.681.png,7
./images/dataset/study.118.png,2
./images/dataset/study.678.png,7
./images/dataset/study.177.png,2
./images/dataset/study.754.png,8
./images/dataset/study.575.png,6
./images/dataset/study.758.png,8
./images/dataset/study.38.png,1
./images/dataset/study.959.png,10
./images/dataset/study.826.png,9
./images/dataset/study.874.png,9
./images/dataset/study.175.png,2
./images/dataset/study.260.png,3
./images/dataset/study.48.png,1
./images/dataset/study.1.png,1
./images/dataset/study.864.png,9
./images/dataset/study.274.png,3
./images/dataset/study.133.png,2
./images/dataset/study.20.png,1
./images/dataset/study.478.png,5
./images/dataset/study.951.png,10
./images/dataset/study.565.png,6
./images/dataset/study.16.png,1
./images/dataset/study.609.png,7
./images/dataset/study.947.png,10
./images/dataset/study.101.png,2
./images/dataset/study.647.png,7
./images/dataset/study.873.png,9
./images/dataset/study.200.png,3
./images/dataset/study.981.png,10
./images/dataset/study.60.png,1
./images/dataset/study.419.png,5
./images/dataset/study.409.png,5
./images/dataset/study.683.png,7
./images/dataset/study.463.png,5
./images/dataset/study.508.png,6
./images/dataset/study.212.png,3
./images/dataset/study.577.png,6
./images/dataset/study.445.png,5
./images/dataset/study.653.png,7
./images/dataset/study.45.png,1
./images/dataset/study.492.png,5
./images/dataset/study.170.png,2
./images/dataset/study.606.png,7
./images/dataset/study.680.png,7
./images/dataset/study.700.png,7
./images/dataset/study.819.png,9
./images/dataset/study.814.png,9
./images/dataset/study.650.png,7
./images/dataset/study.98.png,1
./images/dataset/study.468.png,5
./images/dataset/study.86.png,1
./images/dataset/study.173.png,2
./images/dataset/study.9.png,1
./images/dataset/study.623.png,7
./images/dataset/study.270.png,3
./images/dataset/study.306.png,4
./images/dataset/study.751.png,8
./images/dataset/study.679.png,7
./images/dataset/study.772.png,8
./images/dataset/study.114.png,2
./images/dataset/study.616.png,7
./images/dataset/study.800.png,9
./images/dataset/study.148.png,2
./images/dataset/study.783.png,8
./images/dataset/study.499.png,5
./images/dataset/study.72.png,1
./images/dataset/study.434.png,5
./images/dataset/study.379.png,4
./images/dataset/study.721.png,8
./images/dataset/study.733.png,8
./images/dataset/study.71.png,1
./images/dataset/study.24.png,1
./images/dataset/study.614.png,7
./images/dataset/study.899.png,9
./images/dataset/study.691.png,7
./images/dataset/study.896.png,9
./images/dataset/study.601.png,7
./images/dataset/study.460.png,5
./images/dataset/study.844.png,9
./images/dataset/study.878.png,9
./images/dataset/study.446.png,5
./images/dataset/study.855.png,9
./images/dataset/study.802.png,9
./images/dataset/study.583.png,6
./images/dataset/study.701.png,8
./images/dataset/study.285.png,3
./images/dataset/study.693.png,7
./images/dataset/study.482.png,5
./images/dataset/study.171.png,2
./images/dataset/study.810.png,9
./images/dataset/study.794.png,8
./images/dataset/study.584.png,6
./images/dataset/study.901.png,10
./images/dataset/study.23.png,1
./images/dataset/study.472.png,5
./images/dataset/study.738.png,8
./images/dataset/study.880.png,9
./images/dataset/study.660.png,7
./images/dataset/study.69.png,1
./images/dataset/study.73.png,1
./images/dataset/study.218.png,3
./images/dataset/study.276.png,3
./images/dataset/study.246.png,3
./images/dataset/study.539.png,6
./images/dataset/study.566.png,6
./images/dataset/study.112.png,2
./images/dataset/study.204.png,3
./images/dataset/study.159.png,2
./images/dataset/study.694.png,7
./images/dataset/study.820.png,9
./images/dataset/study.466.png,5
./images/dataset/study.644.png,7
./images/dataset/study.124.png,2
./images/dataset/study.265.png,3
./images/dataset/study.238.png,3
./images/dataset/study.4.png,1
./images/dataset/study.397.png,4
./images/dataset/study.355.png,4
./images/dataset/study.743.png,8
./images/dataset/study.876.png,9
./images/dataset/study.36.png,1
./images/dataset/study.856.png,9
./images/dataset/study.564.png,6
./images/dataset/study.608.png,7
./images/dataset/study.202.png,3
./images/dataset/study.363.png,4
./images/dataset/study.895.png,9
./images/dataset/study.275.png,3
./images/dataset/study.840.png,9
./images/dataset/study.403.png,5
./images/dataset/study.812.png,9
./images/dataset/study.129.png,2
./images/dataset/study.828.png,9
./images/dataset/study.394.png,4
./images/dataset/study.727.png,8
./images/dataset/study.311.png,4
./images/dataset/study.784.png,8
./images/dataset/study.967.png,10
./images/dataset/study.257.png,3
./images/dataset/study.755.png,8
./images/dataset/study.395.png,4
./images/dataset/study.567.png,6
./images/dataset/study.115.png,2
./images/dataset/study.40.png,1
./images/dataset/study.737.png,8
./images/dataset/study.353.png,4
./images/dataset/study.354.png,4
./images/dataset/study.273.png,3
./images/dataset/study.757.png,8
./images/dataset/study.904.png,10
./images/dataset/study.416.png,5
./images/dataset/study.126.png,2
./images/dataset/study.674.png,7
./images/dataset/study.942.png,10
./images/dataset/study.848.png,9
./images/dataset/study.776.png,8
./images/dataset/study.386.png,4
./images/dataset/study.144.png,2
./images/dataset/study.109.png,2
./images/dataset/study.220.png,3
./images/dataset/study.116.png,2
./images/dataset/study.843.png,9
./images/dataset/study.862.png,9
./images/dataset/study.692.png,7
./images/dataset/study.168.png,2
./images/dataset/study.863.png,9
./images/dataset/study.852.png,9
./images/dataset/study.489.png,5
./images/dataset/study.102.png,2
./images/dataset/study.849.png,9
./images/dataset/study.142.png,2
./images/dataset/study.31.png,1
./images/dataset/study.334.png,4
./images/dataset/study.484.png,5
./images/dataset/study.933.png,10
./images/dataset/study.10.png,1
./images/dataset/study.77.png,1
./images/dataset/study.569.png,6
./images/dataset/study.22.png,1
./images/dataset/study.824.png,9
./images/dataset/study.408.png,5
./images/dataset/study.666.png,7
./images/dataset/study.465.png,5
./images/dataset/study.437.png,5
./images/dataset/study.839.png,9
./images/dataset/study.501.png,6
./images/dataset/study.769.png,8
./images/dataset/study.479.png,5
./images/dataset/study.91.png,1
./images/dataset/study.476.png,5
./images/dataset/study.253.png,3
./images/dataset/study.746.png,8
./images/dataset/study.87.png,1
./images/dataset/study.107.png,2
./images/dataset/study.541.png,6
./images/dataset/study.920.png,10
./images/dataset/study.890.png,9
./images/dataset/study.966.png,10
./images/dataset/study.545.png,6
./images/dataset/study.377.png,4
./images/dataset/study.994.png,10
./images/dataset/study.441.png,5
./images/dataset/study.520.png,6
./images/dataset/study.277.png,3
./images/dataset/study.720.png,8
./images/dataset/study.141.png,2
./images/dataset/study.39.png,1
./images/dataset/study.411.png,5
./images/dataset/study.100.png,2
./images/dataset/study.652.png,7
./images/dataset/study.928.png,10
./images/dataset/study.413.png,5
./images/dataset/study.494.png,5
./images/dataset/study.897.png,9
./images/dataset/study.759.png,8
./images/dataset/study.786.png,8
./images/dataset/study.93.png,1
./images/dataset/study.341.png,4
./images/dataset/study.186.png,2
./images/dataset/study.804.png,9
./images/dataset/study.146.png,2
./images/dataset/study.931.png,10
./images/dataset/study.716.png,8
./images/dataset/study.440.png,5
./images/dataset/study.487.png,5
./images/dataset/study.197.png,2
./images/dataset/study.346.png,4
./images/dataset/study.469.png,5
./images/dataset/study.986.png,10
./images/dataset/study.25.png,1
./images/dataset/study.775.png,8
./images/dataset/study.938.png,10
./images/dataset/study.96.png,1
./images/dataset/study.562.png,6
./images/dataset/study.713.png,8
./images/dataset/study.705.png,8
./images/dataset/study.815.png,9
./images/dataset/study.726.png,8
./images/dataset/study.697.png,7
./images/dataset/study.391.png,4
./images/dataset/study.568.png,6
./images/dataset/study.34.png,1
./images/dataset/study.540.png,6
./images/dataset/study.496.png,5
./images/dataset/study.42.png,1
./images/dataset/study.348.png,4
./images/dataset/study.600.png,6
./images/dataset/study.530.png,6
./images/dataset/study.444.png,5
./images/dataset/study.768.png,8
./images/dataset/study.519.png,6
./images/dataset/study.710.png,8
./images/dataset/study.870.png,9
./images/dataset/study.906.png,10
./images/dataset/study.869.png,9
./images/dataset/study.111.png,2
./images/dataset/study.323.png,4
./images/dataset/study.380.png,4
./images/dataset/study.809.png,9
./images/dataset/study.330.png,4
./images/dataset/study.842.png,9
./images/dataset/study.551.png,6
./images/dataset/study.958.png,10
./images/dataset/study.90.png,1
./images/dataset/study.773.png,8
./images/dataset/study.324.png,4
./images/dataset/study.932.png,10
./images/dataset/study.457.png,5
./images/dataset/study.7.png,1
./images/dataset/study.383.png,4
./images/dataset/study.762.png,8
./images/dataset/study.338.png,4
./images/dataset/study.552.png,6
./images/dataset/study.106.png,2
./images/dataset/study.593.png,6
./images/dataset/study.708.png,8
./images/dataset/study.945.png,10
./images/dataset/study.599.png,6
./images/dataset/study.627.png,7
./images/dataset/study.537.png,6
./images/dataset/study.912.png,10
./images/dataset/study.982.png,10
./images/dataset/study.388.png,4
./images/dataset/study.156.png,2
./images/dataset/study.113.png,2
./images/dataset/study.167.png,2
./images/dataset/study.833.png,9
./images/dataset/study.517.png,6
./images/dataset/study.50.png,1
./images/dataset/study.64.png,1
./images/dataset/study.955.png,10
./images/dataset/study.417.png,5
./images/dataset/study.251.png,3
./images/dataset/study.261.png,3
./images/dataset/study.288.png,3
./images/dataset/study.1000.png,10
./images/dataset/study.105.png,2
./images/dataset/study.12.png,1
./images/dataset/study.898.png,9
./images/dataset/study.838.png,9
./images/dataset/study.95.png,1
./images/dataset/study.18.png,1
./images/dataset/study.189.png,2
./images/dataset/study.883.png,9
./images/dataset/study.531.png,6
./images/dataset/study.663.png,7
./images/dataset/study.2.png,1
./images/dataset/study.671.png,7
./images/dataset/study.44.png,1
./images/dataset/study.137.png,2
./images/dataset/study.823.png,9
./images/dataset/study.356.png,4
./images/dataset/study.988.png,10
./images/dataset/study.861.png,9
./images/dataset/study.199.png,2
./images/dataset/study.829.png,9
./images/dataset/study.3.png,1
./images/dataset/study.591.png,6
./images/dataset/study.715.png,8
./images/dataset/study.438.png,5
./images/dataset/study.918.png,10
./images/dataset/study.471.png,5
./images/dataset/study.950.png,10
./images/dataset/study.41.png,1
./images/dataset/study.307.png,4
./images/dataset/study.232.png,3
./images/dataset/study.734.png,8
./images/dataset/study.939.png,10
./images/dataset/study.970.png,10
./images/dataset/study.598.png,6
./images/dataset/study.244.png,3
./images/dataset/study.54.png,1
./images/dataset/study.908.png,10
./images/dataset/study.201.png,3
./images/dataset/study.892.png,9
./images/dataset/study.795.png,8
./images/dataset/study.968.png,10
./images/dataset/study.315.png,4
./images/dataset/study.178.png,2
./images/dataset/study.917.png,10
./images/dataset/study.401.png,5
./images/dataset/study.282.png,3
./images/dataset/study.825.png,9
./images/dataset/study.979.png,10
./images/dataset/study.621.png,7
./images/dataset/study.791.png,8
./images/dataset/study.618.png,7
./images/dataset/study.249.png,3
./images/dataset/study.668.png,7
./images/dataset/study.336.png,4
./images/dataset/study.266.png,3
./images/dataset/study.752.png,8
./images/dataset/study.637.png,7
./images/dataset/study.314.png,4
./images/dataset/study.37.png,1
./images/dataset/study.978.png,10
./images/dataset/study.120.png,2
./images/dataset/study.771.png,8
./images/dataset/study.267.png,3
./images/dataset/study.490.png,5
./images/dataset/study.845.png,9
./images/dataset/study.555.png,6
./images/dataset/study.373.png,4
./images/dataset/study.657.png,7
./images/dataset/study.412.png,5
./images/dataset/study.162.png,2
./images/dataset/study.287.png,3
./images/dataset/study.507.png,6
./images/dataset/study.182.png,2
./images/dataset/study.554.png,6
./images/dataset/study.32.png,1
./images/dataset/study.74.png,1
./images/dataset/study.748.png,8
./images/dataset/study.983.png,10
./images/dataset/study.628.png,7
./images/dataset/study.301.png,4
./images/dataset/study.811.png,9
./images/dataset/study.293.png,3
./images/dataset/study.579.png,6
./images/dataset/study.929.png,10
./images/dataset/study.27.png,1
./images/dataset/study.329.png,4
./images/dataset/study.453.png,5
./images/dataset/study.881.png,9
./images/dataset/study.635.png,7
./images/dataset/study.370.png,4
./images/dataset/study.424.png,5
./images/dataset/study.913.png,10
./images/dataset/study.222.png,3
./images/dataset/study.172.png,2
./images/dataset/study.742.png,8
./images/dataset/study.509.png,6
./images/dataset/study.909.png,10
./images/dataset/study.648.png,7
./images/dataset/study.905.png,10
./images/dataset/study.152.png,2
./images/dataset/study.498.png,5
./images/dataset/study.406.png,5
./images/dataset/study.632.png,7
./images/dataset/study.404.png,5
./images/dataset/study.28.png,1
./images/dataset/study.421.png,5
./images/dataset/study.180.png,2
./images/dataset/study.980.png,10
./images/dataset/study.778.png,8
./images/dataset/study.619.png,7
./images/dataset/study.797.png,8
./images/dataset/study.378.png,4
./images/dataset/study.223.png,3
./images/dataset/study.513.png,6
./images/dataset/study.717.png,8
./images/dataset/study.6.png,1
./images/dataset/study.761.png,8
./images/dataset/study.428.png,5
./images/dataset/study.298.png,3
./images/dataset/study.321.png,4
./images/dataset/study.649.png,7
./images/dataset/study.807.png,9
./images/dataset/study.766.png,8
./images/dataset/study.123.png,2
./images/dataset/study.887.png,9
./images/dataset/study.946.png,10
./images/dataset/study.837.png,9
./images/dataset/study.143.png,2
./images/dataset/study.284.png,3
./images/dataset/study.442.png,5
./images/dataset/study.475.png,5
./images/dataset/study.302.png,4
./images/dataset/study.741.png,8
./images/dataset/study.94.png,1
./images/dataset/study.5.png,1
./images/dataset/study.626.png,7
./images/dataset/study.364.png,4
./images/dataset/study.57.png,1
./images/dataset/study.304.png,4
./images/dataset/study.319.png,4
./images/dataset/study.134.png,2
./images/dataset/study.312.png,4
./images/dataset/study.436.png,5
./images/dataset/study.153.png,2
./images/dataset/study.832.png,9
./images/dataset/study.447.png,5
./images/dataset/study.389.png,4
./images/dataset/study.592.png,6
./images/dataset/study.255.png,3
./images/dataset/study.682.png,7
./images/dataset/study.935.png,10
./images/dataset/study.396.png,4
./images/dataset/study.580.png,6
./images/dataset/study.642.png,7
./images/dataset/study.207.png,3
./images/dataset/study.97.png,1
./images/dataset/study.664.png,7
./images/dataset/study.808.png,9
./images/dataset/study.347.png,4
./images/dataset/study.35.png,1
./images/dataset/study.989.png,10
./images/dataset/study.937.png,10
./images/dataset/study.956.png,10
./images/dataset/study.620.png,7
./images/dataset/study.516.png,6
./images/dataset/study.846.png,9
./images/dataset/study.245.png,3
./images/dataset/study.422.png,5
./images/dataset/study.903.png,10
./images/dataset/study.948.png,10
./images/dataset/study.480.png,5
./images/dataset/study.400.png,5
./images/dataset/study.633.png,7
./images/dataset/study.108.png,2
./images/dataset/study.414.png,5
./images/dataset/study.605.png,7
./images/dataset/study.169.png,2
./images/dataset/study.589.png,6
./images/dataset/study.527.png,6
./images/dataset/study.240.png,3
./images/dataset/study.882.png,9
./images/dataset/study.594.png,6
./images/dataset/study.789.png,8
./images/dataset/study.53.png,1
./images/dataset/study.317.png,4
./images/dataset/study.252.png,3
./images/dataset/study.179.png,2
./images/dataset/study.333.png,4
./images/dataset/study.740.png,8
./images/dataset/study.138.png,2
./images/dataset/study.916.png,10
./images/dataset/study.382.png,4
./images/dataset/study.135.png,2
./images/dataset/study.228.png,3
./images/dataset/study.247.png,3
./images/dataset/study.760.png,8
./images/dataset/study.467.png,5
./images/dataset/study.902.png,10
./images/dataset/study.739.png,8
./images/dataset/study.155.png,2
./images/dataset/study.875.png,9
./images/dataset/study.639.png,7
./images/dataset/study.350.png,4
./images/dataset/study.822.png,9
./images/dataset/study.361.png,4
./images/dataset/study.963.png,10
./images/dataset/study.47.png,1
./images/dataset/study.125.png,2
./images/dataset/study.930.png,10
./images/dataset/study.313.png,4
./images/dataset/study.570.png,6
./images/dataset/study.676.png,7
./images/dataset/study.707.png,8
./images/dataset/study.263.png,3
./images/dataset/study.286.png,3
./images/dataset/study.922.png,10
./images/dataset/study.55.png,1
./images/dataset/study.960.png,10
./images/dataset/study.735.png,8
./images/dataset/study.309.png,4
./images/dataset/study.351.png,4
./images/dataset/study.993.png,10
./images/dataset/study.658.png,7
./images/dataset/study.854.png,9
./images/dataset/study.485.png,5
./images/dataset/study.147.png,2
./images/dataset/study.985.png,10
./images/dataset/study.192.png,2
./images/dataset/study.718.png,8
./images/dataset/study.226.png,3
./images/dataset/study.714.png,8
./images/dataset/study.526.png,6
./images/dataset/study.785.png,8
./images/dataset/study.915.png,10
./images/dataset/study.410.png,5
./images/dataset/study.61.png,1
./images/dataset/study.576.png,6
