gs://gcp-spb-magestic/images/study.991.png,10
gs://gcp-spb-magestic/images/study.789.png,8
gs://gcp-spb-magestic/images/study.975.png,10
gs://gcp-spb-magestic/images/study.807.png,9
gs://gcp-spb-magestic/images/study.894.png,9
gs://gcp-spb-magestic/images/study.797.png,8
gs://gcp-spb-magestic/images/study.983.png,10
gs://gcp-spb-magestic/images/study.64.png,1
gs://gcp-spb-magestic/images/study.831.png,9
gs://gcp-spb-magestic/images/study.459.png,5
gs://gcp-spb-magestic/images/study.637.png,7
gs://gcp-spb-magestic/images/study.56.png,1
gs://gcp-spb-magestic/images/study.912.png,10
gs://gcp-spb-magestic/images/study.80.png,1
gs://gcp-spb-magestic/images/study.378.png,4
gs://gcp-spb-magestic/images/study.815.png,9
gs://gcp-spb-magestic/images/study.718.png,8
gs://gcp-spb-magestic/images/study.162.png,2
gs://gcp-spb-magestic/images/study.653.png,7
gs://gcp-spb-magestic/images/study.340.png,4
gs://gcp-spb-magestic/images/study.146.png,2
gs://gcp-spb-magestic/images/study.967.png,10
gs://gcp-spb-magestic/images/study.421.png,5
gs://gcp-spb-magestic/images/study.734.png,8
gs://gcp-spb-magestic/images/study.243.png,3
gs://gcp-spb-magestic/images/study.10.png,1
gs://gcp-spb-magestic/images/study.308.png,4
gs://gcp-spb-magestic/images/study.502.png,6
gs://gcp-spb-magestic/images/study.510.png,6
gs://gcp-spb-magestic/images/study.218.png,3
gs://gcp-spb-magestic/images/study.483.png,5
gs://gcp-spb-magestic/images/study.572.png,6
gs://gcp-spb-magestic/images/study.297.png,3
gs://gcp-spb-magestic/images/study.645.png,7
gs://gcp-spb-magestic/images/study.250.png,3
gs://gcp-spb-magestic/images/study.387.png,4
gs://gcp-spb-magestic/images/study.920.png,10
gs://gcp-spb-magestic/images/study.72.png,1
gs://gcp-spb-magestic/images/study.662.png,7
gs://gcp-spb-magestic/images/study.726.png,8
gs://gcp-spb-magestic/images/study.289.png,3
gs://gcp-spb-magestic/images/study.564.png,6
gs://gcp-spb-magestic/images/study.878.png,9
gs://gcp-spb-magestic/images/study.235.png,3
gs://gcp-spb-magestic/images/study.49.png,1
gs://gcp-spb-magestic/images/study.468.png,5
gs://gcp-spb-magestic/images/study.743.png,8
gs://gcp-spb-magestic/images/study.412.png,5
gs://gcp-spb-magestic/images/study.137.png,2
gs://gcp-spb-magestic/images/study.959.png,10
gs://gcp-spb-magestic/images/study.982.png,10
gs://gcp-spb-magestic/images/study.699.png,7
gs://gcp-spb-magestic/images/study.796.png,8
gs://gcp-spb-magestic/images/study.808.png,9
gs://gcp-spb-magestic/images/study.869.png,9
gs://gcp-spb-magestic/images/study.958.png,10
gs://gcp-spb-magestic/images/study.992.png,10
gs://gcp-spb-magestic/images/study.719.png,8
gs://gcp-spb-magestic/images/study.905.png,10
gs://gcp-spb-magestic/images/study.974.png,10
gs://gcp-spb-magestic/images/study.670.png,7
gs://gcp-spb-magestic/images/study.298.png,3
gs://gcp-spb-magestic/images/study.968.png,10
gs://gcp-spb-magestic/images/study.81.png,1
gs://gcp-spb-magestic/images/study.911.png,10
gs://gcp-spb-magestic/images/study.395.png,4
gs://gcp-spb-magestic/images/study.735.png,8
gs://gcp-spb-magestic/images/study.557.png,6
gs://gcp-spb-magestic/images/study.832.png,9
gs://gcp-spb-magestic/images/study.420.png,5
gs://gcp-spb-magestic/images/study.539.png,6
gs://gcp-spb-magestic/images/study.814.png,9
gs://gcp-spb-magestic/images/study.323.png,4
gs://gcp-spb-magestic/images/study.430.png,5
gs://gcp-spb-magestic/images/study.490.png,5
gs://gcp-spb-magestic/images/study.341.png,4
gs://gcp-spb-magestic/images/study.155.png,2
gs://gcp-spb-magestic/images/study.324.png,4
gs://gcp-spb-magestic/images/study.413.png,5
gs://gcp-spb-magestic/images/study.11.png,1
gs://gcp-spb-magestic/images/study.138.png,2
gs://gcp-spb-magestic/images/study.394.png,4
gs://gcp-spb-magestic/images/study.580.png,6
gs://gcp-spb-magestic/images/study.307.png,4
gs://gcp-spb-magestic/images/study.317.png,4
gs://gcp-spb-magestic/images/study.288.png,3
gs://gcp-spb-magestic/images/study.228.png,3
gs://gcp-spb-magestic/images/study.377.png,4
gs://gcp-spb-magestic/images/study.563.png,6
gs://gcp-spb-magestic/images/study.652.png,7
gs://gcp-spb-magestic/images/study.484.png,5
gs://gcp-spb-magestic/images/study.879.png,9
gs://gcp-spb-magestic/images/study.742.png,8
gs://gcp-spb-magestic/images/study.629.png,7
gs://gcp-spb-magestic/images/study.48.png,1
gs://gcp-spb-magestic/images/study.467.png,5
gs://gcp-spb-magestic/images/study.904.png,10
gs://gcp-spb-magestic/images/study.71.png,1
gs://gcp-spb-magestic/images/study.388.png,4
gs://gcp-spb-magestic/images/study.663.png,7
gs://gcp-spb-magestic/images/study.921.png,10
gs://gcp-spb-magestic/images/study.251.png,3
gs://gcp-spb-magestic/images/study.646.png,7
gs://gcp-spb-magestic/images/study.234.png,3
gs://gcp-spb-magestic/images/study.725.png,8
gs://gcp-spb-magestic/images/study.58.png,1
gs://gcp-spb-magestic/images/study.914.png,10
gs://gcp-spb-magestic/images/study.957.png,10
gs://gcp-spb-magestic/images/study.647.png,7
gs://gcp-spb-magestic/images/study.833.png,9
gs://gcp-spb-magestic/images/study.841.png,9
gs://gcp-spb-magestic/images/study.876.png,9
gs://gcp-spb-magestic/images/study.949.png,10
gs://gcp-spb-magestic/images/study.469.png,5
gs://gcp-spb-magestic/images/study.906.png,10
gs://gcp-spb-magestic/images/study.90.png,1
gs://gcp-spb-magestic/images/study.330.png,4
gs://gcp-spb-magestic/images/study.152.png,2
gs://gcp-spb-magestic/images/study.225.png,3
gs://gcp-spb-magestic/images/study.619.png,7
gs://gcp-spb-magestic/images/study.698.png,7
gs://gcp-spb-magestic/images/study.396.png,4
gs://gcp-spb-magestic/images/study.62.png,1
gs://gcp-spb-magestic/images/study.306.png,4
gs://gcp-spb-magestic/images/study.403.png,5
gs://gcp-spb-magestic/images/study.574.png,6
gs://gcp-spb-magestic/images/study.985.png,10
gs://gcp-spb-magestic/images/study.333.png,4
gs://gcp-spb-magestic/images/study.562.png,6
gs://gcp-spb-magestic/images/study.70.png,1
gs://gcp-spb-magestic/images/study.368.png,4
gs://gcp-spb-magestic/images/study.261.png,3
gs://gcp-spb-magestic/images/study.406.png,5
gs://gcp-spb-magestic/images/study.813.png,9
gs://gcp-spb-magestic/images/study.376.png,4
gs://gcp-spb-magestic/images/study.555.png,6
gs://gcp-spb-magestic/images/study.741.png,8
gs://gcp-spb-magestic/images/study.512.png,6
gs://gcp-spb-magestic/images/study.148.png,2
gs://gcp-spb-magestic/images/study.449.png,5
gs://gcp-spb-magestic/images/study.474.png,5
gs://gcp-spb-magestic/images/study.660.png,7
gs://gcp-spb-magestic/images/study.732.png,8
gs://gcp-spb-magestic/images/study.55.png,1
gs://gcp-spb-magestic/images/study.12.png,1
gs://gcp-spb-magestic/images/study.431.png,5
gs://gcp-spb-magestic/images/study.139.png,2
gs://gcp-spb-magestic/images/study.325.png,4
gs://gcp-spb-magestic/images/study.504.png,6
gs://gcp-spb-magestic/images/study.233.png,3
gs://gcp-spb-magestic/images/study.547.png,6
gs://gcp-spb-magestic/images/study.760.png,8
gs://gcp-spb-magestic/images/study.805.png,9
gs://gcp-spb-magestic/images/study.295.png,3
gs://gcp-spb-magestic/images/study.583.png,6
gs://gcp-spb-magestic/images/study.252.png,3
gs://gcp-spb-magestic/images/study.628.png,7
gs://gcp-spb-magestic/images/study.83.png,1
gs://gcp-spb-magestic/images/study.648.png,7
gs://gcp-spb-magestic/images/study.990.png,10
gs://gcp-spb-magestic/images/study.91.png,1
gs://gcp-spb-magestic/images/study.575.png,6
gs://gcp-spb-magestic/images/study.761.png,8
gs://gcp-spb-magestic/images/study.232.png,3
gs://gcp-spb-magestic/images/study.410.png,5
gs://gcp-spb-magestic/images/study.956.png,10
gs://gcp-spb-magestic/images/study.913.png,10
gs://gcp-spb-magestic/images/study.727.png,8
gs://gcp-spb-magestic/images/study.476.png,5
gs://gcp-spb-magestic/images/study.305.png,4
gs://gcp-spb-magestic/images/study.20.png,1
gs://gcp-spb-magestic/images/study.984.png,10
gs://gcp-spb-magestic/images/study.63.png,1
gs://gcp-spb-magestic/images/study.733.png,8
gs://gcp-spb-magestic/images/study.404.png,5
gs://gcp-spb-magestic/images/study.226.png,3
gs://gcp-spb-magestic/images/study.260.png,3
gs://gcp-spb-magestic/images/study.57.png,1
gs://gcp-spb-magestic/images/study.481.png,5
gs://gcp-spb-magestic/images/study.654.png,7
gs://gcp-spb-magestic/images/study.397.png,4
gs://gcp-spb-magestic/images/study.697.png,7
gs://gcp-spb-magestic/images/study.907.png,10
gs://gcp-spb-magestic/images/study.147.png,2
gs://gcp-spb-magestic/images/study.405.png,5
gs://gcp-spb-magestic/images/study.180.png,2
gs://gcp-spb-magestic/images/study.740.png,8
gs://gcp-spb-magestic/images/study.448.png,5
gs://gcp-spb-magestic/images/study.554.png,6
gs://gcp-spb-magestic/images/study.181.png,2
gs://gcp-spb-magestic/images/study.253.png,3
gs://gcp-spb-magestic/images/study.482.png,5
gs://gcp-spb-magestic/images/study.627.png,7
gs://gcp-spb-magestic/images/study.296.png,3
gs://gcp-spb-magestic/images/study.369.png,4
gs://gcp-spb-magestic/images/study.29.png,1
gs://gcp-spb-magestic/images/study.475.png,5
gs://gcp-spb-magestic/images/study.661.png,7
gs://gcp-spb-magestic/images/study.219.png,3
gs://gcp-spb-magestic/images/study.812.png,9
gs://gcp-spb-magestic/images/study.806.png,9
gs://gcp-spb-magestic/images/study.153.png,2
gs://gcp-spb-magestic/images/study.411.png,5
gs://gcp-spb-magestic/images/study.505.png,6
gs://gcp-spb-magestic/images/study.119.png,2
gs://gcp-spb-magestic/images/study.798.png,8
gs://gcp-spb-magestic/images/study.110.png,2
gs://gcp-spb-magestic/images/study.332.png,4
gs://gcp-spb-magestic/images/study.977.png,10
gs://gcp-spb-magestic/images/study.840.png,9
gs://gcp-spb-magestic/images/study.883.png,9
gs://gcp-spb-magestic/images/study.375.png,4
gs://gcp-spb-magestic/images/study.231.png,3
gs://gcp-spb-magestic/images/study.142.png,2
gs://gcp-spb-magestic/images/study.673.png,7
gs://gcp-spb-magestic/images/study.584.png,6
gs://gcp-spb-magestic/images/study.770.png,8
gs://gcp-spb-magestic/images/study.657.png,7
gs://gcp-spb-magestic/images/study.843.png,9
gs://gcp-spb-magestic/images/study.304.png,4
gs://gcp-spb-magestic/images/study.118.png,2
gs://gcp-spb-magestic/images/study.126.png,2
gs://gcp-spb-magestic/images/study.215.png,3
gs://gcp-spb-magestic/images/study.487.png,5
gs://gcp-spb-magestic/images/study.68.png,1
gs://gcp-spb-magestic/images/study.312.png,4
gs://gcp-spb-magestic/images/study.21.png,1
gs://gcp-spb-magestic/images/study.401.png,5
gs://gcp-spb-magestic/images/study.513.png,6
gs://gcp-spb-magestic/images/study.874.png,9
gs://gcp-spb-magestic/images/study.7.png,1
gs://gcp-spb-magestic/images/study.99.png,1
gs://gcp-spb-magestic/images/study.319.png,4
gs://gcp-spb-magestic/images/study.858.png,9
gs://gcp-spb-magestic/images/study.599.png,6
gs://gcp-spb-magestic/images/study.746.png,8
gs://gcp-spb-magestic/images/study.971.png,10
gs://gcp-spb-magestic/images/study.189.png,2
gs://gcp-spb-magestic/images/study.200.png,3
gs://gcp-spb-magestic/images/study.286.png,3
gs://gcp-spb-magestic/images/study.383.png,4
gs://gcp-spb-magestic/images/study.92.png,1
gs://gcp-spb-magestic/images/study.416.png,5
gs://gcp-spb-magestic/images/study.28.png,1
gs://gcp-spb-magestic/images/study.53.png,1
gs://gcp-spb-magestic/images/study.901.png,10
gs://gcp-spb-magestic/images/study.715.png,8
gs://gcp-spb-magestic/images/study.359.png,4
gs://gcp-spb-magestic/images/study.889.png,9
gs://gcp-spb-magestic/images/study.545.png,6
gs://gcp-spb-magestic/images/study.173.png,2
gs://gcp-spb-magestic/images/study.182.png,2
gs://gcp-spb-magestic/images/study.617.png,7
gs://gcp-spb-magestic/images/study.803.png,9
gs://gcp-spb-magestic/images/study.254.png,3
gs://gcp-spb-magestic/images/study.440.png,5
gs://gcp-spb-magestic/images/study.602.png,7
gs://gcp-spb-magestic/images/study.344.png,4
gs://gcp-spb-magestic/images/study.688.png,7
gs://gcp-spb-magestic/images/study.246.png,3
gs://gcp-spb-magestic/images/study.374.png,4
gs://gcp-spb-magestic/images/study.111.png,2
gs://gcp-spb-magestic/images/study.472.png,5
gs://gcp-spb-magestic/images/study.818.png,9
gs://gcp-spb-magestic/images/study.730.png,8
gs://gcp-spb-magestic/images/study.700.png,7
gs://gcp-spb-magestic/images/study.197.png,2
gs://gcp-spb-magestic/images/study.916.png,10
gs://gcp-spb-magestic/images/study.36.png,1
gs://gcp-spb-magestic/images/study.455.png,5
gs://gcp-spb-magestic/images/study.786.png,8
gs://gcp-spb-magestic/images/study.842.png,9
gs://gcp-spb-magestic/images/study.117.png,2
gs://gcp-spb-magestic/images/study.303.png,4
gs://gcp-spb-magestic/images/study.240.png,3
gs://gcp-spb-magestic/images/study.389.png,4
gs://gcp-spb-magestic/images/study.399.png,4
gs://gcp-spb-magestic/images/study.585.png,6
gs://gcp-spb-magestic/images/study.313.png,4
gs://gcp-spb-magestic/images/study.488.png,5
gs://gcp-spb-magestic/images/study.674.png,7
gs://gcp-spb-magestic/images/study.860.png,9
gs://gcp-spb-magestic/images/study.948.png,10
gs://gcp-spb-magestic/images/study.656.png,7
gs://gcp-spb-magestic/images/study.931.png,10
gs://gcp-spb-magestic/images/study.255.png,3
gs://gcp-spb-magestic/images/study.530.png,6
gs://gcp-spb-magestic/images/study.69.png,1
gs://gcp-spb-magestic/images/study.93.png,1
gs://gcp-spb-magestic/images/study.127.png,2
gs://gcp-spb-magestic/images/study.188.png,2
gs://gcp-spb-magestic/images/study.417.png,5
gs://gcp-spb-magestic/images/study.402.png,5
gs://gcp-spb-magestic/images/study.514.png,6
gs://gcp-spb-magestic/images/study.875.png,9
gs://gcp-spb-magestic/images/study.318.png,4
gs://gcp-spb-magestic/images/study.729.png,8
gs://gcp-spb-magestic/images/study.102.png,2
gs://gcp-spb-magestic/images/study.857.png,9
gs://gcp-spb-magestic/images/study.641.png,7
gs://gcp-spb-magestic/images/study.747.png,8
gs://gcp-spb-magestic/images/study.172.png,2
gs://gcp-spb-magestic/images/study.473.png,5
gs://gcp-spb-magestic/images/study.529.png,6
gs://gcp-spb-magestic/images/study.37.png,1
gs://gcp-spb-magestic/images/study.642.png,7
gs://gcp-spb-magestic/images/study.804.png,9
gs://gcp-spb-magestic/images/study.618.png,7
gs://gcp-spb-magestic/images/study.986.png,10
gs://gcp-spb-magestic/images/study.112.png,2
gs://gcp-spb-magestic/images/study.970.png,10
gs://gcp-spb-magestic/images/study.714.png,8
gs://gcp-spb-magestic/images/study.245.png,3
gs://gcp-spb-magestic/images/study.819.png,9
gs://gcp-spb-magestic/images/study.785.png,8
gs://gcp-spb-magestic/images/study.932.png,10
gs://gcp-spb-magestic/images/study.947.png,10
gs://gcp-spb-magestic/images/study.441.png,5
gs://gcp-spb-magestic/images/study.22.png,1
gs://gcp-spb-magestic/images/study.345.png,4
gs://gcp-spb-magestic/images/study.603.png,7
gs://gcp-spb-magestic/images/study.915.png,10
gs://gcp-spb-magestic/images/study.54.png,1
gs://gcp-spb-magestic/images/study.817.png,9
gs://gcp-spb-magestic/images/study.515.png,6
gs://gcp-spb-magestic/images/study.558.png,6
gs://gcp-spb-magestic/images/study.930.png,10
gs://gcp-spb-magestic/images/study.701.png,8
gs://gcp-spb-magestic/images/study.973.png,10
gs://gcp-spb-magestic/images/study.787.png,8
gs://gcp-spb-magestic/images/study.144.png,2
gs://gcp-spb-magestic/images/study.329.png,4
gs://gcp-spb-magestic/images/study.187.png,2
gs://gcp-spb-magestic/images/study.470.png,5
gs://gcp-spb-magestic/images/study.284.png,3
gs://gcp-spb-magestic/images/study.241.png,3
gs://gcp-spb-magestic/images/study.586.png,6
gs://gcp-spb-magestic/images/study.94.png,1
gs://gcp-spb-magestic/images/study.500.png,6
gs://gcp-spb-magestic/images/study.101.png,2
gs://gcp-spb-magestic/images/study.802.png,9
gs://gcp-spb-magestic/images/study.159.png,2
gs://gcp-spb-magestic/images/study.116.png,2
gs://gcp-spb-magestic/images/study.716.png,8
gs://gcp-spb-magestic/images/study.759.png,8
gs://gcp-spb-magestic/images/study.213.png,3
gs://gcp-spb-magestic/images/study.671.png,7
gs://gcp-spb-magestic/images/study.845.png,9
gs://gcp-spb-magestic/images/study.256.png,3
gs://gcp-spb-magestic/images/study.201.png,3
gs://gcp-spb-magestic/images/study.287.png,3
gs://gcp-spb-magestic/images/study.686.png,7
gs://gcp-spb-magestic/images/study.9.png,1
gs://gcp-spb-magestic/images/study.199.png,2
gs://gcp-spb-magestic/images/study.385.png,4
gs://gcp-spb-magestic/images/study.244.png,3
gs://gcp-spb-magestic/images/study.873.png,9
gs://gcp-spb-magestic/images/study.342.png,4
gs://gcp-spb-magestic/images/study.156.png,2
gs://gcp-spb-magestic/images/study.414.png,5
gs://gcp-spb-magestic/images/study.113.png,2
gs://gcp-spb-magestic/images/study.643.png,7
gs://gcp-spb-magestic/images/study.51.png,1
gs://gcp-spb-magestic/images/study.457.png,5
gs://gcp-spb-magestic/images/study.918.png,10
gs://gcp-spb-magestic/images/study.38.png,1
gs://gcp-spb-magestic/images/study.600.png,6
gs://gcp-spb-magestic/images/study.357.png,4
gs://gcp-spb-magestic/images/study.314.png,4
gs://gcp-spb-magestic/images/study.903.png,10
gs://gcp-spb-magestic/images/study.658.png,7
gs://gcp-spb-magestic/images/study.229.png,3
gs://gcp-spb-magestic/images/study.259.png,3
gs://gcp-spb-magestic/images/study.184.png,2
gs://gcp-spb-magestic/images/study.141.png,2
gs://gcp-spb-magestic/images/study.485.png,5
gs://gcp-spb-magestic/images/study.171.png,2
gs://gcp-spb-magestic/images/study.570.png,6
gs://gcp-spb-magestic/images/study.989.png,10
gs://gcp-spb-magestic/images/study.442.png,5
gs://gcp-spb-magestic/images/study.615.png,7
gs://gcp-spb-magestic/images/study.23.png,1
gs://gcp-spb-magestic/images/study.946.png,10
gs://gcp-spb-magestic/images/study.516.png,6
gs://gcp-spb-magestic/images/study.672.png,7
gs://gcp-spb-magestic/images/study.186.png,2
gs://gcp-spb-magestic/images/study.67.png,1
gs://gcp-spb-magestic/images/study.214.png,3
gs://gcp-spb-magestic/images/study.400.png,5
gs://gcp-spb-magestic/images/study.443.png,5
gs://gcp-spb-magestic/images/study.24.png,1
gs://gcp-spb-magestic/images/study.257.png,3
gs://gcp-spb-magestic/images/study.100.png,2
gs://gcp-spb-magestic/images/study.859.png,9
gs://gcp-spb-magestic/images/study.143.png,2
gs://gcp-spb-magestic/images/study.702.png,8
gs://gcp-spb-magestic/images/study.816.png,9
gs://gcp-spb-magestic/images/study.559.png,6
gs://gcp-spb-magestic/images/study.788.png,8
gs://gcp-spb-magestic/images/study.745.png,8
gs://gcp-spb-magestic/images/study.771.png,8
gs://gcp-spb-magestic/images/study.285.png,3
gs://gcp-spb-magestic/images/study.717.png,8
gs://gcp-spb-magestic/images/study.801.png,9
gs://gcp-spb-magestic/images/study.115.png,2
gs://gcp-spb-magestic/images/study.887.png,9
gs://gcp-spb-magestic/images/study.844.png,9
gs://gcp-spb-magestic/images/study.242.png,3
gs://gcp-spb-magestic/images/study.39.png,1
gs://gcp-spb-magestic/images/study.370.png,4
gs://gcp-spb-magestic/images/study.129.png,2
gs://gcp-spb-magestic/images/study.544.png,6
gs://gcp-spb-magestic/images/study.501.png,6
gs://gcp-spb-magestic/images/study.587.png,6
gs://gcp-spb-magestic/images/study.972.png,10
gs://gcp-spb-magestic/images/study.872.png,9
gs://gcp-spb-magestic/images/study.270.png,3
gs://gcp-spb-magestic/images/study.945.png,10
gs://gcp-spb-magestic/images/study.95.png,1
gs://gcp-spb-magestic/images/study.52.png,1
gs://gcp-spb-magestic/images/study.458.png,5
gs://gcp-spb-magestic/images/study.988.png,10
gs://gcp-spb-magestic/images/study.644.png,7
gs://gcp-spb-magestic/images/study.157.png,2
gs://gcp-spb-magestic/images/study.343.png,4
gs://gcp-spb-magestic/images/study.386.png,4
gs://gcp-spb-magestic/images/study.471.png,5
gs://gcp-spb-magestic/images/study.170.png,2
gs://gcp-spb-magestic/images/study.917.png,10
gs://gcp-spb-magestic/images/study.300.png,3
gs://gcp-spb-magestic/images/study.659.png,7
gs://gcp-spb-magestic/images/study.601.png,7
gs://gcp-spb-magestic/images/study.616.png,7
gs://gcp-spb-magestic/images/study.772.png,8
gs://gcp-spb-magestic/images/study.315.png,4
gs://gcp-spb-magestic/images/study.902.png,10
gs://gcp-spb-magestic/images/study.358.png,4
gs://gcp-spb-magestic/images/study.460.png,5
gs://gcp-spb-magestic/images/study.274.png,3
gs://gcp-spb-magestic/images/study.371.png,4
gs://gcp-spb-magestic/images/study.266.png,3
gs://gcp-spb-magestic/images/study.355.png,4
gs://gcp-spb-magestic/images/study.541.png,6
gs://gcp-spb-magestic/images/study.290.png,3
gs://gcp-spb-magestic/images/study.452.png,5
gs://gcp-spb-magestic/images/study.363.png,4
gs://gcp-spb-magestic/images/study.177.png,2
gs://gcp-spb-magestic/images/study.339.png,4
gs://gcp-spb-magestic/images/study.711.png,8
gs://gcp-spb-magestic/images/study.800.png,9
gs://gcp-spb-magestic/images/study.33.png,1
gs://gcp-spb-magestic/images/study.525.png,6
gs://gcp-spb-magestic/images/study.622.png,7
gs://gcp-spb-magestic/images/study.436.png,5
gs://gcp-spb-magestic/images/study.258.png,3
gs://gcp-spb-magestic/images/study.444.png,5
gs://gcp-spb-magestic/images/study.630.png,7
gs://gcp-spb-magestic/images/study.25.png,1
gs://gcp-spb-magestic/images/study.169.png,2
gs://gcp-spb-magestic/images/study.347.png,4
gs://gcp-spb-magestic/images/study.533.png,6
gs://gcp-spb-magestic/images/study.114.png,2
gs://gcp-spb-magestic/images/study.428.png,5
gs://gcp-spb-magestic/images/study.703.png,8
gs://gcp-spb-magestic/images/study.606.png,7
gs://gcp-spb-magestic/images/study.193.png,2
gs://gcp-spb-magestic/images/study.782.png,8
gs://gcp-spb-magestic/images/study.509.png,6
gs://gcp-spb-magestic/images/study.669.png,7
gs://gcp-spb-magestic/images/study.88.png,1
gs://gcp-spb-magestic/images/study.758.png,8
gs://gcp-spb-magestic/images/study.96.png,1
gs://gcp-spb-magestic/images/study.839.png,9
gs://gcp-spb-magestic/images/study.87.png,1
gs://gcp-spb-magestic/images/study.677.png,7
gs://gcp-spb-magestic/images/study.863.png,9
gs://gcp-spb-magestic/images/study.854.png,9
gs://gcp-spb-magestic/images/study.588.png,6
gs://gcp-spb-magestic/images/study.211.png,3
gs://gcp-spb-magestic/images/study.130.png,2
gs://gcp-spb-magestic/images/study.846.png,9
gs://gcp-spb-magestic/images/study.935.png,10
gs://gcp-spb-magestic/images/study.122.png,2
gs://gcp-spb-magestic/images/study.944.png,10
gs://gcp-spb-magestic/images/study.220.png,3
gs://gcp-spb-magestic/images/study.17.png,1
gs://gcp-spb-magestic/images/study.301.png,4
gs://gcp-spb-magestic/images/study.692.png,7
gs://gcp-spb-magestic/images/study.579.png,6
gs://gcp-spb-magestic/images/study.517.png,6
gs://gcp-spb-magestic/images/study.596.png,6
gs://gcp-spb-magestic/images/study.871.png,9
gs://gcp-spb-magestic/images/study.107.png,2
gs://gcp-spb-magestic/images/study.79.png,1
gs://gcp-spb-magestic/images/study.498.png,5
gs://gcp-spb-magestic/images/study.773.png,8
gs://gcp-spb-magestic/images/study.282.png,3
gs://gcp-spb-magestic/images/study.621.png,7
gs://gcp-spb-magestic/images/study.249.png,3
gs://gcp-spb-magestic/images/study.338.png,4
gs://gcp-spb-magestic/images/study.524.png,6
gs://gcp-spb-magestic/images/study.710.png,8
gs://gcp-spb-magestic/images/study.346.png,4
gs://gcp-spb-magestic/images/study.380.png,4
gs://gcp-spb-magestic/images/study.283.png,3
gs://gcp-spb-magestic/images/study.194.png,2
gs://gcp-spb-magestic/images/study.372.png,4
gs://gcp-spb-magestic/images/study.4.png,1
gs://gcp-spb-magestic/images/study.508.png,6
gs://gcp-spb-magestic/images/study.16.png,1
gs://gcp-spb-magestic/images/study.267.png,3
gs://gcp-spb-magestic/images/study.542.png,6
gs://gcp-spb-magestic/images/study.356.png,4
gs://gcp-spb-magestic/images/study.613.png,7
gs://gcp-spb-magestic/images/study.704.png,8
gs://gcp-spb-magestic/images/study.212.png,3
gs://gcp-spb-magestic/images/study.607.png,7
gs://gcp-spb-magestic/images/study.50.png,1
gs://gcp-spb-magestic/images/study.720.png,8
gs://gcp-spb-magestic/images/study.781.png,8
gs://gcp-spb-magestic/images/study.997.png,10
gs://gcp-spb-magestic/images/study.445.png,5
gs://gcp-spb-magestic/images/study.273.png,3
gs://gcp-spb-magestic/images/study.32.png,1
gs://gcp-spb-magestic/images/study.176.png,2
gs://gcp-spb-magestic/images/study.847.png,9
gs://gcp-spb-magestic/images/study.791.png,8
gs://gcp-spb-magestic/images/study.685.png,7
gs://gcp-spb-magestic/images/study.774.png,8
gs://gcp-spb-magestic/images/study.960.png,10
gs://gcp-spb-magestic/images/study.499.png,5
gs://gcp-spb-magestic/images/study.757.png,8
gs://gcp-spb-magestic/images/study.936.png,10
gs://gcp-spb-magestic/images/study.943.png,10
gs://gcp-spb-magestic/images/study.919.png,10
gs://gcp-spb-magestic/images/study.668.png,7
gs://gcp-spb-magestic/images/study.86.png,1
gs://gcp-spb-magestic/images/study.864.png,9
gs://gcp-spb-magestic/images/study.678.png,7
gs://gcp-spb-magestic/images/study.202.png,3
gs://gcp-spb-magestic/images/study.589.png,6
gs://gcp-spb-magestic/images/study.123.png,2
gs://gcp-spb-magestic/images/study.578.png,6
gs://gcp-spb-magestic/images/study.106.png,2
gs://gcp-spb-magestic/images/study.595.png,6
gs://gcp-spb-magestic/images/study.631.png,7
gs://gcp-spb-magestic/images/study.614.png,7
gs://gcp-spb-magestic/images/study.870.png,9
gs://gcp-spb-magestic/images/study.97.png,1
gs://gcp-spb-magestic/images/study.302.png,4
gs://gcp-spb-magestic/images/study.362.png,4
gs://gcp-spb-magestic/images/study.853.png,9
gs://gcp-spb-magestic/images/study.3.png,1
gs://gcp-spb-magestic/images/study.15.png,1
gs://gcp-spb-magestic/images/study.426.png,5
gs://gcp-spb-magestic/images/study.205.png,3
gs://gcp-spb-magestic/images/study.195.png,2
gs://gcp-spb-magestic/images/study.381.png,4
gs://gcp-spb-magestic/images/study.5.png,1
gs://gcp-spb-magestic/images/study.373.png,4
gs://gcp-spb-magestic/images/study.604.png,7
gs://gcp-spb-magestic/images/study.507.png,6
gs://gcp-spb-magestic/images/study.268.png,3
gs://gcp-spb-magestic/images/study.446.png,5
gs://gcp-spb-magestic/images/study.861.png,9
gs://gcp-spb-magestic/images/study.683.png,7
gs://gcp-spb-magestic/images/study.462.png,5
gs://gcp-spb-magestic/images/study.489.png,5
gs://gcp-spb-magestic/images/study.132.png,2
gs://gcp-spb-magestic/images/study.175.png,2
gs://gcp-spb-magestic/images/study.527.png,6
gs://gcp-spb-magestic/images/study.748.png,8
gs://gcp-spb-magestic/images/study.640.png,7
gs://gcp-spb-magestic/images/study.531.png,6
gs://gcp-spb-magestic/images/study.27.png,1
gs://gcp-spb-magestic/images/study.353.png,4
gs://gcp-spb-magestic/images/study.434.png,5
gs://gcp-spb-magestic/images/study.942.png,10
gs://gcp-spb-magestic/images/study.784.png,8
gs://gcp-spb-magestic/images/study.705.png,8
gs://gcp-spb-magestic/images/study.519.png,6
gs://gcp-spb-magestic/images/study.598.png,6
gs://gcp-spb-magestic/images/study.856.png,9
gs://gcp-spb-magestic/images/study.899.png,9
gs://gcp-spb-magestic/images/study.105.png,2
gs://gcp-spb-magestic/images/study.775.png,8
gs://gcp-spb-magestic/images/study.961.png,10
gs://gcp-spb-magestic/images/study.829.png,9
gs://gcp-spb-magestic/images/study.34.png,1
gs://gcp-spb-magestic/images/study.280.png,3
gs://gcp-spb-magestic/images/study.675.png,7
gs://gcp-spb-magestic/images/study.933.png,10
gs://gcp-spb-magestic/images/study.42.png,1
gs://gcp-spb-magestic/images/study.632.png,7
gs://gcp-spb-magestic/images/study.276.png,3
gs://gcp-spb-magestic/images/study.98.png,1
gs://gcp-spb-magestic/images/study.534.png,6
gs://gcp-spb-magestic/images/study.577.png,6
gs://gcp-spb-magestic/images/study.361.png,4
gs://gcp-spb-magestic/images/study.848.png,9
gs://gcp-spb-magestic/images/study.248.png,3
gs://gcp-spb-magestic/images/study.713.png,8
gs://gcp-spb-magestic/images/study.929.png,10
gs://gcp-spb-magestic/images/study.167.png,2
gs://gcp-spb-magestic/images/study.124.png,2
gs://gcp-spb-magestic/images/study.40.png,1
gs://gcp-spb-magestic/images/study.540.png,6
gs://gcp-spb-magestic/images/study.419.png,5
gs://gcp-spb-magestic/images/study.605.png,7
gs://gcp-spb-magestic/images/study.354.png,4
gs://gcp-spb-magestic/images/study.311.png,4
gs://gcp-spb-magestic/images/study.168.png,2
gs://gcp-spb-magestic/images/study.125.png,2
gs://gcp-spb-magestic/images/study.999.png,10
gs://gcp-spb-magestic/images/study.496.png,5
gs://gcp-spb-magestic/images/study.682.png,7
gs://gcp-spb-magestic/images/study.453.png,5
gs://gcp-spb-magestic/images/study.275.png,3
gs://gcp-spb-magestic/images/study.461.png,5
gs://gcp-spb-magestic/images/study.427.png,5
gs://gcp-spb-magestic/images/study.77.png,1
gs://gcp-spb-magestic/images/study.382.png,4
gs://gcp-spb-magestic/images/study.526.png,6
gs://gcp-spb-magestic/images/study.131.png,2
gs://gcp-spb-magestic/images/study.433.png,5
gs://gcp-spb-magestic/images/study.569.png,6
gs://gcp-spb-magestic/images/study.348.png,4
gs://gcp-spb-magestic/images/study.941.png,10
gs://gcp-spb-magestic/images/study.6.png,1
gs://gcp-spb-magestic/images/study.776.png,8
gs://gcp-spb-magestic/images/study.828.png,9
gs://gcp-spb-magestic/images/study.560.png,6
gs://gcp-spb-magestic/images/study.447.png,5
gs://gcp-spb-magestic/images/study.862.png,9
gs://gcp-spb-magestic/images/study.611.png,7
gs://gcp-spb-magestic/images/study.14.png,1
gs://gcp-spb-magestic/images/study.269.png,3
gs://gcp-spb-magestic/images/study.855.png,9
gs://gcp-spb-magestic/images/study.898.png,9
gs://gcp-spb-magestic/images/study.597.png,6
gs://gcp-spb-magestic/images/study.783.png,8
gs://gcp-spb-magestic/images/study.104.png,2
gs://gcp-spb-magestic/images/study.962.png,10
gs://gcp-spb-magestic/images/study.749.png,8
gs://gcp-spb-magestic/images/study.174.png,2
gs://gcp-spb-magestic/images/study.706.png,8
gs://gcp-spb-magestic/images/study.849.png,9
gs://gcp-spb-magestic/images/study.712.png,8
gs://gcp-spb-magestic/images/study.755.png,8
gs://gcp-spb-magestic/images/study.78.png,1
gs://gcp-spb-magestic/images/study.35.png,1
gs://gcp-spb-magestic/images/study.281.png,3
gs://gcp-spb-magestic/images/study.633.png,7
gs://gcp-spb-magestic/images/study.41.png,1
gs://gcp-spb-magestic/images/study.676.png,7
gs://gcp-spb-magestic/images/study.84.png,1
gs://gcp-spb-magestic/images/study.928.png,10
gs://gcp-spb-magestic/images/study.247.png,3
gs://gcp-spb-magestic/images/study.204.png,3
gs://gcp-spb-magestic/images/study.592.png,6
gs://gcp-spb-magestic/images/study.134.png,2
gs://gcp-spb-magestic/images/study.223.png,3
gs://gcp-spb-magestic/images/study.681.png,7
gs://gcp-spb-magestic/images/study.495.png,5
gs://gcp-spb-magestic/images/study.207.png,3
gs://gcp-spb-magestic/images/study.754.png,8
gs://gcp-spb-magestic/images/study.939.png,10
gs://gcp-spb-magestic/images/study.568.png,6
gs://gcp-spb-magestic/images/study.576.png,6
gs://gcp-spb-magestic/images/study.479.png,5
gs://gcp-spb-magestic/images/study.762.png,8
gs://gcp-spb-magestic/images/study.851.png,9
gs://gcp-spb-magestic/images/study.665.png,7
gs://gcp-spb-magestic/images/study.908.png,10
gs://gcp-spb-magestic/images/study.610.png,7
gs://gcp-spb-magestic/images/study.777.png,8
gs://gcp-spb-magestic/images/study.238.png,3
gs://gcp-spb-magestic/images/study.696.png,7
gs://gcp-spb-magestic/images/study.76.png,1
gs://gcp-spb-magestic/images/study.335.png,4
gs://gcp-spb-magestic/images/study.480.png,5
gs://gcp-spb-magestic/images/study.464.png,5
gs://gcp-spb-magestic/images/study.649.png,7
gs://gcp-spb-magestic/images/study.924.png,10
gs://gcp-spb-magestic/images/study.955.png,10
gs://gcp-spb-magestic/images/study.561.png,6
gs://gcp-spb-magestic/images/study.827.png,9
gs://gcp-spb-magestic/images/study.626.png,7
gs://gcp-spb-magestic/images/study.995.png,10
gs://gcp-spb-magestic/images/study.45.png,1
gs://gcp-spb-magestic/images/study.820.png,9
gs://gcp-spb-magestic/images/study.609.png,7
gs://gcp-spb-magestic/images/study.707.png,8
gs://gcp-spb-magestic/images/study.811.png,9
gs://gcp-spb-magestic/images/study.61.png,1
gs://gcp-spb-magestic/images/study.536.png,6
gs://gcp-spb-magestic/images/study.165.png,2
gs://gcp-spb-magestic/images/study.978.png,10
gs://gcp-spb-magestic/images/study.890.png,9
gs://gcp-spb-magestic/images/study.963.png,10
gs://gcp-spb-magestic/images/study.293.png,3
gs://gcp-spb-magestic/images/study.263.png,3
gs://gcp-spb-magestic/images/study.408.png,5
gs://gcp-spb-magestic/images/study.769.png,8
gs://gcp-spb-magestic/images/study.882.png,9
gs://gcp-spb-magestic/images/study.391.png,4
gs://gcp-spb-magestic/images/study.980.png,10
gs://gcp-spb-magestic/images/study.521.png,6
gs://gcp-spb-magestic/images/study.867.png,9
gs://gcp-spb-magestic/images/study.897.png,9
gs://gcp-spb-magestic/images/study.835.png,9
gs://gcp-spb-magestic/images/study.553.png,6
gs://gcp-spb-magestic/images/study.567.png,6
gs://gcp-spb-magestic/images/study.206.png,3
gs://gcp-spb-magestic/images/study.478.png,5
gs://gcp-spb-magestic/images/study.664.png,7
gs://gcp-spb-magestic/images/study.753.png,8
gs://gcp-spb-magestic/images/study.151.png,2
gs://gcp-spb-magestic/images/study.826.png,9
gs://gcp-spb-magestic/images/study.224.png,3
gs://gcp-spb-magestic/images/study.352.png,4
gs://gcp-spb-magestic/images/study.925.png,10
gs://gcp-spb-magestic/images/study.954.png,10
gs://gcp-spb-magestic/images/study.463.png,5
gs://gcp-spb-magestic/images/study.679.png,7
gs://gcp-spb-magestic/images/study.763.png,8
gs://gcp-spb-magestic/images/study.891.png,9
gs://gcp-spb-magestic/images/study.778.png,8
gs://gcp-spb-magestic/images/study.591.png,6
gs://gcp-spb-magestic/images/study.44.png,1
gs://gcp-spb-magestic/images/study.239.png,3
gs://gcp-spb-magestic/images/study.133.png,2
gs://gcp-spb-magestic/images/study.494.png,5
gs://gcp-spb-magestic/images/study.979.png,10
gs://gcp-spb-magestic/images/study.367.png,4
gs://gcp-spb-magestic/images/study.625.png,7
gs://gcp-spb-magestic/images/study.608.png,7
gs://gcp-spb-magestic/images/study.351.png,4
gs://gcp-spb-magestic/images/study.881.png,9
gs://gcp-spb-magestic/images/study.969.png,10
gs://gcp-spb-magestic/images/study.635.png,7
gs://gcp-spb-magestic/images/study.43.png,1
gs://gcp-spb-magestic/images/study.821.png,9
gs://gcp-spb-magestic/images/study.909.png,10
gs://gcp-spb-magestic/images/study.60.png,1
gs://gcp-spb-magestic/images/study.334.png,4
gs://gcp-spb-magestic/images/study.695.png,7
gs://gcp-spb-magestic/images/study.520.png,6
gs://gcp-spb-magestic/images/study.166.png,2
gs://gcp-spb-magestic/images/study.836.png,9
gs://gcp-spb-magestic/images/study.424.png,5
gs://gcp-spb-magestic/images/study.277.png,3
gs://gcp-spb-magestic/images/study.768.png,8
gs://gcp-spb-magestic/images/study.149.png,2
gs://gcp-spb-magestic/images/study.294.png,3
gs://gcp-spb-magestic/images/study.1000.png,10
gs://gcp-spb-magestic/images/study.981.png,10
gs://gcp-spb-magestic/images/study.964.png,10
gs://gcp-spb-magestic/images/study.620.png,7
gs://gcp-spb-magestic/images/study.407.png,5
gs://gcp-spb-magestic/images/study.552.png,6
gs://gcp-spb-magestic/images/study.810.png,9
gs://gcp-spb-magestic/images/study.896.png,9
gs://gcp-spb-magestic/images/study.680.png,7
gs://gcp-spb-magestic/images/study.535.png,6
gs://gcp-spb-magestic/images/study.708.png,8
gs://gcp-spb-magestic/images/study.825.png,9
gs://gcp-spb-magestic/images/study.639.png,7
gs://gcp-spb-magestic/images/study.922.png,10
gs://gcp-spb-magestic/images/study.779.png,8
gs://gcp-spb-magestic/images/study.965.png,10
gs://gcp-spb-magestic/images/study.74.png,1
gs://gcp-spb-magestic/images/study.31.png,1
gs://gcp-spb-magestic/images/study.809.png,9
gs://gcp-spb-magestic/images/study.108.png,2
gs://gcp-spb-magestic/images/study.337.png,4
gs://gcp-spb-magestic/images/study.523.png,6
gs://gcp-spb-magestic/images/study.691.png,7
gs://gcp-spb-magestic/images/study.736.png,8
gs://gcp-spb-magestic/images/study.868.png,9
gs://gcp-spb-magestic/images/study.764.png,8
gs://gcp-spb-magestic/images/study.209.png,3
gs://gcp-spb-magestic/images/study.493.png,5
gs://gcp-spb-magestic/images/study.450.png,5
gs://gcp-spb-magestic/images/study.365.png,4
gs://gcp-spb-magestic/images/study.322.png,4
gs://gcp-spb-magestic/images/study.892.png,9
gs://gcp-spb-magestic/images/study.795.png,8
gs://gcp-spb-magestic/images/study.752.png,8
gs://gcp-spb-magestic/images/study.937.png,10
gs://gcp-spb-magestic/images/study.624.png,7
gs://gcp-spb-magestic/images/study.721.png,8
gs://gcp-spb-magestic/images/study.694.png,7
gs://gcp-spb-magestic/images/study.880.png,9
gs://gcp-spb-magestic/images/study.651.png,7
gs://gcp-spb-magestic/images/study.393.png,4
gs://gcp-spb-magestic/images/study.350.png,4
gs://gcp-spb-magestic/images/study.538.png,6
gs://gcp-spb-magestic/images/study.423.png,5
gs://gcp-spb-magestic/images/study.466.png,5
gs://gcp-spb-magestic/images/study.837.png,9
gs://gcp-spb-magestic/images/study.237.png,3
gs://gcp-spb-magestic/images/study.767.png,8
gs://gcp-spb-magestic/images/study.993.png,10
gs://gcp-spb-magestic/images/study.47.png,1
gs://gcp-spb-magestic/images/study.551.png,6
gs://gcp-spb-magestic/images/study.950.png,10
gs://gcp-spb-magestic/images/study.739.png,8
gs://gcp-spb-magestic/images/study.594.png,6
gs://gcp-spb-magestic/images/study.822.png,9
gs://gcp-spb-magestic/images/study.895.png,9
gs://gcp-spb-magestic/images/study.709.png,8
gs://gcp-spb-magestic/images/study.865.png,9
gs://gcp-spb-magestic/images/study.2.png,1
gs://gcp-spb-magestic/images/study.852.png,9
gs://gcp-spb-magestic/images/study.566.png,6
gs://gcp-spb-magestic/images/study.265.png,3
gs://gcp-spb-magestic/images/study.438.png,5
gs://gcp-spb-magestic/images/study.850.png,9
gs://gcp-spb-magestic/images/study.109.png,2
gs://gcp-spb-magestic/images/study.291.png,3
gs://gcp-spb-magestic/images/study.222.png,3
gs://gcp-spb-magestic/images/study.923.png,10
gs://gcp-spb-magestic/images/study.737.png,8
gs://gcp-spb-magestic/images/study.893.png,9
gs://gcp-spb-magestic/images/study.135.png,2
gs://gcp-spb-magestic/images/study.321.png,4
gs://gcp-spb-magestic/images/study.364.png,4
gs://gcp-spb-magestic/images/study.824.png,9
gs://gcp-spb-magestic/images/study.550.png,6
gs://gcp-spb-magestic/images/study.30.png,1
gs://gcp-spb-magestic/images/study.409.png,5
gs://gcp-spb-magestic/images/study.593.png,6
gs://gcp-spb-magestic/images/study.966.png,10
gs://gcp-spb-magestic/images/study.73.png,1
gs://gcp-spb-magestic/images/study.178.png,2
gs://gcp-spb-magestic/images/study.938.png,10
gs://gcp-spb-magestic/images/study.794.png,8
gs://gcp-spb-magestic/images/study.751.png,8
gs://gcp-spb-magestic/images/study.666.png,7
gs://gcp-spb-magestic/images/study.623.png,7
gs://gcp-spb-magestic/images/study.192.png,2
gs://gcp-spb-magestic/images/study.765.png,8
gs://gcp-spb-magestic/images/study.722.png,8
gs://gcp-spb-magestic/images/study.120.png,2
gs://gcp-spb-magestic/images/study.379.png,4
gs://gcp-spb-magestic/images/study.208.png,3
gs://gcp-spb-magestic/images/study.163.png,2
gs://gcp-spb-magestic/images/study.336.png,4
gs://gcp-spb-magestic/images/study.279.png,3
gs://gcp-spb-magestic/images/study.537.png,6
gs://gcp-spb-magestic/images/study.465.png,5
gs://gcp-spb-magestic/images/study.236.png,3
gs://gcp-spb-magestic/images/study.422.png,5
gs://gcp-spb-magestic/images/study.766.png,8
gs://gcp-spb-magestic/images/study.164.png,2
gs://gcp-spb-magestic/images/study.309.png,4
gs://gcp-spb-magestic/images/study.46.png,1
gs://gcp-spb-magestic/images/study.89.png,1
gs://gcp-spb-magestic/images/study.793.png,8
gs://gcp-spb-magestic/images/study.838.png,9
gs://gcp-spb-magestic/images/study.492.png,5
gs://gcp-spb-magestic/images/study.1.png,1
gs://gcp-spb-magestic/images/study.191.png,2
gs://gcp-spb-magestic/images/study.437.png,5
gs://gcp-spb-magestic/images/study.264.png,3
gs://gcp-spb-magestic/images/study.179.png,2
gs://gcp-spb-magestic/images/study.994.png,10
gs://gcp-spb-magestic/images/study.221.png,3
gs://gcp-spb-magestic/images/study.18.png,1
gs://gcp-spb-magestic/images/study.951.png,10
gs://gcp-spb-magestic/images/study.522.png,6
gs://gcp-spb-magestic/images/study.565.png,6
gs://gcp-spb-magestic/images/study.738.png,8
gs://gcp-spb-magestic/images/study.650.png,7
gs://gcp-spb-magestic/images/study.823.png,9
gs://gcp-spb-magestic/images/study.693.png,7
